Time,Force X,Force Y,Force Z,Torque X,Torque Y,Torque Z
0.0018572807312011719,0.265409424325775,0.20296535965435505,-0.3049350938239375,0.01250202742206336,-0.00507700791640125,0.02062730222712099
0.00838017463684082,0.15440968344472916,0.2846885735423487,-0.27464383275567683,0.013978605701848846,-0.002040187003508555,0.020572164720711064
0.01109457015991211,0.21671525743924486,0.23435823431869088,-0.3825414986392603,0.011186890082821536,-0.0026825223498884313,0.020798673947134645
0.013466596603393555,0.16206097621313278,0.21137905360639297,-0.32894441024991006,0.01187707289690398,-0.0022564294193559127,0.0209622448084957
0.01656627655029297,0.20317012340774326,0.15400321041106396,-0.20270919878924892,0.010547199629655061,-0.002562739479420215,0.02140350277510874
0.019796133041381836,0.07301101627560963,0.1709862463337793,-0.35840592731679116,0.010834224990943882,-0.0007165304193229704,0.020636904234653045
0.023843765258789062,0.25788520404067017,0.23881767577732665,-0.27135861309546816,0.011811611021401488,-0.006664376107523477,0.0202660215233312
0.028300762176513672,0.1289307514574699,0.2913414478553484,-0.3228447277817214,0.011116850447417042,-0.0013499241885469512,0.019998557921947692
0.031464338302612305,0.1289307514574699,0.2913414478553484,-0.3228447277817214,0.011116850447417042,-0.0013499241885469512,0.019998557921947692
0.03401684761047363,0.09387667326227267,0.23306942167254607,-0.31478102249742057,0.011046738509734073,-0.002935906832469988,0.020535625973739438
0.03693699836730957,0.23649642899608264,0.24966291351268494,-0.3155408117350367,0.010365140606368499,-0.003090096972465233,0.021142744311083754
0.04048967361450195,0.06691899992208017,0.3197645852140242,-0.13387404846283332,0.012693035820724279,0.0004970358275622894,0.020780995124299775
0.04412341117858887,0.06691899992208017,0.3197645852140242,-0.13387404846283332,0.012693035820724279,0.0004970358275622894,0.020780995124299775
0.0471649169921875,0.16584344732015088,0.20300810217915277,-0.06151723913889325,0.008022400529275837,-0.0036079294710482136,0.020832292477324127
0.050569772720336914,0.1230604752793088,0.3046910398339797,-0.2018483349455778,0.01234291711180829,-0.002713911920770357,0.020858201923684754
0.05364656448364258,0.20873777012144723,0.1669346753297879,-0.17407539982461412,0.010431826067050785,-0.006168519422519837,0.019751501935909417
0.05663108825683594,0.18335454196685916,0.2325170159535067,-0.2158768466655085,0.009856147404984864,-0.005327307386981122,0.020195004308474495
0.06031608581542969,0.16324253755955778,0.2744308999603825,-0.19674974973982115,0.014366863985496518,-0.0030648995367941415,0.01927003246983288
0.06536555290222168,0.1452573094902093,0.20623372414291902,-0.30647609417307536,0.012740356561588671,-0.00356577741344758,0.019152842110442186
0.06846237182617188,0.18071841868156044,0.2435884828807866,-0.2691654517318104,0.01341814916810647,-0.0015853358494910099,0.019421164516866873
0.07241225242614746,0.18071841868156044,0.2435884828807866,-0.2691654517318104,0.01341814916810647,-0.0015853358494910099,0.019421164516866873
0.07577180862426758,0.1871266828424326,0.27737271415968584,-0.26774124882353373,0.01600151333845107,-0.0030457636773448156,0.022017543947238156
0.07882547378540039,0.20235465593299312,0.22446540562026657,-0.29736770736011175,0.01365726143112344,-0.004268062939262142,0.021017625152833095
0.08225178718566895,0.20235465593299312,0.22446540562026657,-0.29736770736011175,0.01365726143112344,-0.004268062939262142,0.021017625152833095
0.08529520034790039,0.16440752020160126,0.23984818502867705,-0.3266617578482189,0.010724776004978457,-0.0016814407619311703,0.02007565066010021
0.08833646774291992,0.16183654881438533,0.1502040248045945,-0.35125157367461163,0.009393790925284702,-0.007533621846189002,0.019621784294799164
0.09178733825683594,0.1795958629479502,0.25692023421125026,-0.35085147536145506,0.011800389172880506,-0.005287500872297945,0.021857303638144542
0.09732532501220703,0.1641856108329776,0.1776402023850227,-0.30159275738634056,0.00875857684933578,-0.004272039075071533,0.019696484770905066
0.10078835487365723,0.2169381694228832,0.28343869766446317,-0.35516560242490003,0.013136950683021668,-0.003979448955313109,0.022032687809270455
0.10384202003479004,0.12593701400240107,0.19891925769780272,-0.24388538803584967,0.011650470535573429,-0.003833985671255185,0.019889776656929353
0.10729837417602539,0.2790148160156027,0.17088555244514042,-0.3436534503669195,0.01002945492992506,-0.002748208546958105,0.02093023923720276
0.11010432243347168,0.2790148160156027,0.17088555244514042,-0.3436534503669195,0.01002945492992506,-0.002748208546958105,0.02093023923720276
0.1128537654876709,0.27162756688604717,0.15375511023382057,-0.3568562131512052,0.011929523429840215,-0.004775008351923198,0.020390252487270402
0.1172475814819336,0.1728187674727787,0.2032111781881642,-0.3836389234959297,0.0124244545808408,-0.0024712927399467557,0.02036363419212357
0.12083649635314941,0.1728187674727787,0.2032111781881642,-0.3836389234959297,0.0124244545808408,-0.0024712927399467557,0.02036363419212357
0.12463140487670898,0.17257685480662655,0.24919499920296498,-0.35301532435919997,0.013130921419255754,-0.0019076823577474254,0.0211922455459421
0.12812256813049316,0.24281906183720864,0.25933178994778483,-0.3842643392447245,0.012112419397175701,-0.0053867714784636015,0.021045082651213725
0.13251996040344238,0.33705315488942916,0.1888042700906763,-0.24570664626912864,0.01305656071312258,-0.006824446086979389,0.019493350775402978
0.1363847255706787,0.20959830060333448,0.26710889694689927,-0.30602707624592396,0.01551948927407476,-0.0020252609474356925,0.02224755134343181
0.14022350311279297,0.17713354226989672,0.21458635902994927,-0.4062256035244419,0.014590877015416672,-0.00013070538633840317,0.019495341513570057
0.1435537338256836,0.21017615269950687,0.18373830218921225,-0.338488374117019,0.011306208030242909,-0.001171308616527541,0.018148418227052227
0.14663004875183105,0.22771109735180178,0.17751552732995537,-0.429509597403574,0.012170286196276477,-0.004065232945149701,0.02200020576291018
0.14987826347351074,0.1576870344058052,0.21200858180489507,-0.489198772625358,0.011792139678059865,-0.006335293110328054,0.02224432471503988
0.15364885330200195,0.12069450354555503,0.23367054637416024,-0.414015179369846,0.012155297511347687,-0.006602829864448259,0.02072571105738283
0.15833282470703125,0.19153327924037186,0.18942801991290645,-0.3991365548764888,0.01010562820264305,-0.006275541461068563,0.019840990501591785
0.16231632232666016,0.2712203840876647,0.14387812134006772,-0.4951107220954611,0.008776890085062394,-0.005629026768519705,0.02011462124230238
0.16562581062316895,0.25484267916682174,0.24615258185178135,-0.523942870136606,0.011910810243875348,-0.007472578440380941,0.020874431718563506
0.16847777366638184,0.32557442006911147,0.2027163348857799,-0.40735749710198077,0.009825990462263401,-0.007788707015400225,0.019746171409190685
0.17348909378051758,0.14841303579934678,0.29736548229894133,-0.49024124820169557,0.013783853985442239,-0.005143423204416785,0.020377620968109474
0.17774152755737305,0.1918621969961669,0.19858633046413318,-0.49594053461029275,0.010655836814309032,-0.005849803319844855,0.01996740614145338
0.18114519119262695,0.1918621969961669,0.19858633046413318,-0.49594053461029275,0.010655836814309032,-0.005849803319844855,0.01996740614145338
0.18480300903320312,0.14476187876689633,0.20487502158803209,-0.4567928295473347,0.0119690085282741,-0.002442818235575164,0.02071348283379207
0.1881546974182129,0.1754636733326445,0.21603587702250782,-0.39356610166959605,0.010745818153749923,-0.0035632119123519216,0.02002784845656168
0.1914505958557129,0.1754636733326445,0.21603587702250782,-0.39356610166959605,0.010745818153749923,-0.0035632119123519216,0.02002784845656168
0.19558000564575195,0.08547755985152292,0.2130373349844117,-0.20085992039636294,0.009246417626470292,-0.0015600415258567321,0.021870770449270313
0.19877386093139648,0.12905080679651312,0.2397727316432387,-0.23178401667468249,0.012275893300442643,-0.0008883310582332542,0.02169645208007377
0.20358061790466309,0.1901453021399335,0.2932278508009602,-0.09255006437080535,0.012974710238614129,-0.0009501977918454649,0.020496735958046304
0.2102346420288086,0.1613974839616222,0.32899754557602456,-0.22293390854265635,0.0133168280964681,-0.0029301098828410158,0.019110581202019666
0.21548867225646973,0.26293238673362895,0.1109358648299937,-0.17350679510211436,0.009922495541480163,-0.003936486770041342,0.020275830206388835
0.2231767177581787,0.16135436666745348,0.27996660381431066,-0.26120829539101353,0.01556659622052881,-0.0008020783673224731,0.020818075067969805
0.22940802574157715,0.16135436666745348,0.27996660381431066,-0.26120829539101353,0.01556659622052881,-0.0008020783673224731,0.020818075067969805
0.2335505485534668,0.1924658511071663,0.22348353252134628,-0.29497938300681165,0.012585378784963849,-0.001459227028490261,0.01989097324514958
0.23956608772277832,0.09206180800918629,0.26417873081088855,-0.3001002755870699,0.013608039955755479,-0.00024282849569602204,0.02108490226502587
0.24514126777648926,0.09206180800918629,0.26417873081088855,-0.3001002755870699,0.013608039955755479,-0.00024282849569602204,0.02108490226502587
0.2540156841278076,0.09206180800918629,0.26417873081088855,-0.3001002755870699,0.013608039955755479,-0.00024282849569602204,0.02108490226502587
0.25989246368408203,0.2816262274417291,0.2015948115703505,-0.31368086894210717,0.010249730756726628,-0.005716624703890963,0.019193868676543952
0.2680690288543701,0.27566575071941907,0.15041748129214302,-0.37628506891343627,0.008228076151915065,-0.006135928730510643,0.02063981710216979
0.2743861675262451,0.2613460666794596,0.2723358970347152,-0.42253849025233997,0.013875240191203678,-0.004237496625154452,0.021284629390796186
0.27922677993774414,0.29457772669433513,0.24034075727996482,-0.2304238029668253,0.010464185236933146,-0.0018248619738811239,0.01869093154361287
0.28418970108032227,0.2215931690018898,0.22770651214478832,-0.3707276745048871,0.010201085638313335,-0.006598480438245043,0.01770445958161677
0.287656307220459,0.2215931690018898,0.22770651214478832,-0.3707276745048871,0.010201085638313335,-0.006598480438245043,0.01770445958161677
0.2919657230377197,0.3386185430573093,0.1725521721559636,-0.594569023029697,0.01058033610637343,-0.004850831730023697,0.021737045755529958
0.29761767387390137,0.256475350618661,0.2744418838014865,-0.6926865670584282,0.014460704896696094,-0.004911720332378379,0.01994268021977912
0.30150699615478516,0.21750618960662227,0.2311019591234836,-0.44090086723581146,0.010050409002144881,-0.004254960344582893,0.01998255337560523
0.30608606338500977,0.2089249721824982,0.11012732157489344,-0.47593334836468293,0.0080230188650124,-0.006051262124423905,0.01997098311171695
0.3092949390411377,0.2089249721824982,0.11012732157489344,-0.47593334836468293,0.0080230188650124,-0.006051262124423905,0.01997098311171695
0.31224584579467773,0.13609121069443333,0.27819670520008993,-0.40683943046409404,0.012013070157790073,-0.0021764794556756928,0.020793383242707457
0.31601381301879883,0.2258670040587502,0.18359935340384564,-0.358032625858049,0.01322790408946633,-0.0033358807241521612,0.019828480791760677
0.32043981552124023,0.24910745178028043,0.17905201057339146,-0.4423671385156895,0.011045896507381085,-0.001592098124988994,0.020063751591661502
0.3252553939819336,0.3755435551835702,0.18345343484168625,-0.3776237424456878,0.012655660043323368,-0.007752730231735615,0.02150327059592915
0.3296499252319336,0.24961339296522636,0.23171273161266728,-0.4526409339551349,0.012182241733910412,-0.0037125687408747603,0.019942819045171877
0.3327960968017578,0.21840750896282293,0.14165444880660347,-0.391502195131411,0.009008487467739523,-0.004248872083636599,0.020050916982489158
0.3356320858001709,0.19728116051680167,0.21746177401116987,-0.44409202335769915,0.008589508750860737,-0.0037727846417229044,0.020536192307804364
0.33884119987487793,0.15571367721392515,0.29093202957368014,-0.3534602523042488,0.011317630781945483,-0.003384879611729708,0.021588752503734526
0.3421511650085449,0.1655956173781412,0.23521610309595614,-0.33116101669741055,0.01082143025330596,-0.0033697018682727047,0.020088602070240925
0.34534430503845215,0.19282021856778667,0.32659545907260146,-0.189647639720353,0.014105647981737841,-0.0029311901151980162,0.02065774514941752
0.34902191162109375,0.2126895835366366,0.24284017767387656,-0.29647928416624403,0.012468022679166855,-0.00282356884223143,0.019999306837218327
0.3531806468963623,0.21587060345658216,0.20845615486075697,-0.3656654291828355,0.01159012908521934,-0.004708882139822205,0.021221645755362246
0.35697364807128906,0.10594405663903017,0.1882783321299969,-0.45055399887896885,0.009538317323662846,-0.002895884518599041,0.021260091600733368
0.36219143867492676,0.17347183289933207,0.20569054977788961,-0.2829329465520465,0.011266396193360895,-0.0032834441899838437,0.019513860257136497
0.3665962219238281,0.17378629628483833,0.14048230319390428,-0.35301710569099587,0.009293652728521621,-0.002893466515938444,0.01948391190248841
0.3699684143066406,0.230611991552789,0.25513505442350665,-0.3319853553607623,0.014338355040792058,-0.003812213674546535,0.01972227086704704
0.3737773895263672,0.22927387216341677,0.22268053172570218,-0.320201639473326,0.010806109108571216,-0.00500215534271722,0.022165983061018014
0.37721705436706543,0.18993020833091023,0.27990748264616305,-0.48785701122256797,0.013816704835246203,-0.004068141370810486,0.02239758458851018
0.38079023361206055,0.21603790126938346,0.2301708497678643,-0.4502090559010057,0.011976140241940499,-0.0038230920164231876,0.02075465487859812
0.3864095211029053,0.19879044361217374,0.2104092507567489,-0.5689307479252108,0.012051162532241106,-0.004558768599890635,0.020233595785525953
0.3903319835662842,0.22475357713854338,0.24801889081807216,-0.5161089902582735,0.011113689545288633,-0.0032510577693605327,0.02073574855051894
0.39414238929748535,0.19923166128857503,0.30513288013361095,-0.24421241224732443,0.015392808655503024,-0.005166258505591275,0.019735533113897755
0.39760446548461914,0.1492651063256481,0.26696252554821265,-0.2957143219304723,0.012314305114588309,-0.004564396158492133,0.021693616133145476
0.4013800621032715,0.22357327431183036,0.1971928579924373,-0.3052572683408465,0.009155021713985682,-0.006137398872564444,0.02118016060186499
0.40536046028137207,0.22262823359542,0.19771134011743463,-0.3223848235600861,0.00962581451258997,-0.0030786407642965025,0.021767564185013674
0.4100527763366699,0.1679173738599195,0.29688959189807035,-0.24678638641349088,0.012267403121596784,-6.915083814165116e-05,0.020569598233830623
0.4132983684539795,0.1679173738599195,0.29688959189807035,-0.24678638641349088,0.012267403121596784,-6.915083814165116e-05,0.020569598233830623
0.4243803024291992,0.1679173738599195,0.29688959189807035,-0.24678638641349088,0.012267403121596784,-6.915083814165116e-05,0.020569598233830623
0.433441162109375,0.23485965085335483,0.19256512597414485,-0.2681551594856768,0.011767927834092678,-0.0018198428195701118,0.021772631891270867
0.437086820602417,0.16619062195577586,0.16218140208494167,-0.5055912312408571,0.011514712260461853,-0.0007425832562837536,0.02170471190206409
0.44069409370422363,0.17125562166123265,0.22429820920516602,-0.33714162516259055,0.013599246354401122,-0.00197085434517279,0.02066654619270246
0.4468252658843994,0.23054237166959377,0.20018158897078026,-0.39272565943183646,0.012388364734561782,-0.0025579384298412035,0.02078237299352767
0.46491575241088867,0.19836339301183092,0.37051356414652953,-0.13899853895759587,0.012964546485421318,-0.0025791251014247,0.021695036001486975
0.46798133850097656,0.18145877194251514,0.2700204802458296,-0.0808350365967852,0.010636074196762154,-0.004613786377858726,0.019823398230174677
0.47205066680908203,0.12618183825541263,0.2786445116567436,-0.24524956107965007,0.011172141929912609,-0.004762296122711113,0.02142810860551225
0.4753732681274414,0.19531481438287676,0.308861493708795,-0.2550228969426949,0.012923420870475367,-0.006569555636798224,0.020379540430327067
0.478635311126709,0.19729295104790745,0.1401436500313603,-0.1885970190396983,0.007260540933080925,-0.004147065472554217,0.021133549622959494
0.4842517375946045,0.02706575082766985,0.2208505853375886,-0.25267814891125584,0.010771325633026418,0.0006503179469148947,0.020867072108798755
0.4894728660583496,0.29072763090236275,0.13792928052889056,-0.1613183781157133,0.01005622478220225,-0.006365269459260349,0.021866896372597252
0.4933309555053711,0.17452416655386113,0.16705891617926477,-0.3011030380549234,0.009901142923391275,-0.0035736386391070126,0.02130028546041499
0.49651193618774414,0.19900412142240412,0.20188671592576857,-0.3595299049338862,0.010594580329685192,-0.0030191285943873027,0.019491210163122902
0.4993617534637451,0.23095238433919227,0.09721270791541425,-0.3548117570790099,0.008795835507007736,-0.004417635297153514,0.021571548951485338
0.5024547576904297,0.23095238433919227,0.09721270791541425,-0.3548117570790099,0.008795835507007736,-0.004417635297153514,0.021571548951485338
0.5056278705596924,0.28768715158732244,0.19740164160377177,-0.33765765664185005,0.013852669620900157,-0.004323368406284641,0.020545068064240314
0.5100021362304688,0.27370397532112367,0.16858989661783308,-0.41070894641429767,0.011110418669557854,-0.004556518636546855,0.020359237948421982
0.5142114162445068,0.22894491979479686,0.18343567049768153,-0.36362812207295936,0.012038134101458766,-0.0020626210166430087,0.022671494663898863
0.5203306674957275,0.23614060307597348,0.17855796266078428,-0.3949091961562429,0.011815445512733948,-0.0024272310348937088,0.020734661718686126
0.523582935333252,0.26058005701926845,0.19979386746339323,-0.3827859284360612,0.012155921079833324,-0.0043371570282543835,0.020805429276790844
0.5265674591064453,0.24816207233974033,0.19429315968115723,-0.4017136051001124,0.012354144870722731,-0.005580569093492131,0.019397454789033916
0.5291054248809814,0.30996594667415417,0.2652159905891853,-0.32927150709215514,0.010812847535625674,-0.0073638556644353105,0.02078357155284973
0.5319492816925049,0.30996594667415417,0.2652159905891853,-0.32927150709215514,0.010812847535625674,-0.0073638556644353105,0.02078357155284973
0.5344836711883545,0.30996594667415417,0.2652159905891853,-0.32927150709215514,0.010812847535625674,-0.0073638556644353105,0.02078357155284973
0.5382943153381348,0.24164510267355063,0.19725569706752594,-0.2866253000277508,0.009264867258710235,-0.006019520355927331,0.022212756731832244
0.5427994728088379,0.21859920270210645,0.2529946190075716,-0.2876802039446254,0.012187866362160297,-0.00489363976463214,0.020722707816293432
0.5480883121490479,0.2845390039302384,0.18568448461345688,-0.3507005908402909,0.01185504301938499,-0.005338637317973851,0.01896945200192708
0.5516059398651123,0.21426445777627023,0.2800716105437522,-0.3365819560864832,0.014046927561462247,-0.003933118857677729,0.020914866337768713
0.5546407699584961,0.21600982899624327,0.16728020957525852,-0.4100507581494298,0.009319774185418402,-0.003222669858867336,0.019643841494169343
0.5577239990234375,0.33833606246770487,0.20413410644675525,-0.4151154211335429,0.01131262338797118,-0.005415842863975004,0.020347466361388934
0.561237096786499,0.2288947691514664,0.13018088375168974,-0.29572338457543257,0.008556975424515396,-0.0038170558066716676,0.020308415366059884
0.5646347999572754,0.2237159872970153,0.20705886237978532,-0.40544109215140905,0.010360732875170524,-0.003438478976743784,0.01841422188076346
0.5674753189086914,0.2098614925030354,0.262987141655785,-0.5160466865963377,0.010574314669767989,-0.00473623647653419,0.01969445524113124
0.5708229541778564,0.20276537843719275,0.20295998125222586,-0.44386728194695896,0.009674851366988538,-0.004306864284308479,0.020979899296331102
0.5740416049957275,0.1858495384014525,0.19014814191445606,-0.3413774249964418,0.009402266296888125,-0.0034729455503075294,0.020312095030760844
0.5768530368804932,0.18479938739498844,0.20524901797222672,-0.24471260688488122,0.01049097394458471,-0.007872688601929963,0.02044065172034801
0.5796024799346924,0.20107653237802875,0.25916268659252295,-0.3295014158297639,0.01433373977996054,-0.003956194829575197,0.020378983456312887
0.5850741863250732,0.2403802206571386,0.16130306773347242,-0.23862892662544766,0.010706706416036322,-0.009264124759147944,0.02086004485822373
0.589303731918335,0.21034699460204684,0.25197875539318565,-0.40605000382019335,0.01463548527819046,-0.004900551478985782,0.0211375182003738
0.5933041572570801,0.2034467544343054,0.2106787866188941,-0.38766458390750536,0.010954490271177616,-0.005056766731305721,0.022021442156474065
0.5968813896179199,0.2542358234833901,0.2579868277738998,-0.2961614770216645,0.012716415554461949,-0.006048678950151956,0.020181287265448246
0.6000263690948486,0.17881049950248745,0.17631892578836336,-0.5005110322577311,0.013068754254617843,-0.003761748492257924,0.020157457029264143
0.6039631366729736,0.09109163705635054,0.21252452330393715,-0.4441977135220275,0.01418050539019772,-0.0014567294134557015,0.02143723525439778
0.6082029342651367,0.12218125993015957,0.2402545279478845,-0.39405396498131484,0.01531713321857248,-0.0030601651375988083,0.02027262150086261
0.6117253303527832,0.19348354352826136,0.11365568718052543,-0.476307627526734,0.008622636979653818,-0.004810886511717063,0.019480371425687072
0.617194652557373,0.30196361606838357,0.13794071681633813,-0.23823697825647858,0.010155839233613129,-0.0032308403332911156,0.020286887265658547
0.6211137771606445,0.15475285379722753,0.13057494861000052,-0.3956811336373394,0.008892806177465136,-0.0037643227440517044,0.01974007336687783
0.6247842311859131,0.14543386884181325,0.294486589989999,-0.4828539998234508,0.012472945294129623,-0.00530326406602424,0.021535139498042047
0.6282782554626465,0.2343179934936523,0.16859140714467447,-0.5128069470749912,0.011752076801070373,-0.0014222708168684694,0.020021563730182636
0.6314342021942139,0.11341274620985997,0.18706365654908536,-0.36360834994240826,0.01139692507001111,0.0004567476302222576,0.020943792571807854
0.6344945430755615,0.24620177828583292,0.17667757364471887,-0.3092627842329003,0.01007571293203669,0.0013860404363982013,0.021057768808922996
0.638129711151123,0.15827206155619689,0.20409704281477115,-0.31675406928070976,0.013406768536810226,-0.0008785780361119811,0.021465326002111824
0.6416633129119873,0.19393994077612425,0.21182091775615308,-0.2578141275064447,0.011393681185670574,-0.0026377886854126367,0.021410882434882223
0.6505687236785889,0.33077967996487145,0.1609515465260835,-0.5204264202611881,0.011025872038638924,-0.006328326430310576,0.02265182739145865
0.6546053886413574,0.2775855126278923,0.24108795935938837,-0.36749541508126315,0.012676807413969586,-0.004326319688694089,0.0201691567823913
0.6617612838745117,0.24294853477045217,0.17208340810982745,-0.2927056583993931,0.00870907058405673,-0.003153622878628367,0.019867023233459485
0.6657323837280273,0.15510237986384937,0.2292808629141609,-0.5196395155591417,0.012402379686900222,-0.0032057052488542667,0.019828549210906952
0.6699039936065674,0.1117270316482635,0.26168393025058206,-0.32206986332092147,0.014235506274285766,-0.0012693089195643442,0.02044091354917566
0.6742238998413086,0.17298043906355617,0.20033999452930798,-0.3351671102398361,0.010565790028722655,-0.0014001696143128043,0.020801689280759043
0.6784443855285645,0.1943824156064371,0.2594256765535511,-0.3136372645533847,0.01039199376984479,-0.003554254054692332,0.020977484082407852
0.6836724281311035,0.2329923420369274,0.18669510953990628,-0.5016693737081738,0.015308168776607518,-0.005169995452342287,0.018922701868086624
0.68695068359375,0.2329923420369274,0.18669510953990628,-0.5016693737081738,0.015308168776607518,-0.005169995452342287,0.018922701868086624
0.6900506019592285,0.16479282626096792,0.26384290417725964,-0.3134683618509897,0.014759126782656163,-0.002534368165483381,0.019237954008420294
0.693758487701416,0.2179666489928024,0.20509402781431155,-0.44449114473567514,0.013910761599817816,-0.004641978347080525,0.020238608247819263
0.6969573497772217,0.1783612826709693,0.1806927529594107,-0.3744598801956456,0.011784055419555114,-0.0032863760181082438,0.020895489555791943
0.6998727321624756,0.1783612826709693,0.1806927529594107,-0.3744598801956456,0.011784055419555114,-0.0032863760181082438,0.020895489555791943
0.7050328254699707,0.15646647905352687,0.1341155804259805,-0.3499789243978333,0.011119794865544205,-0.003773768540483791,0.021616366757352602
0.7092370986938477,0.14752569280680192,0.1825059852239138,-0.3322215570166552,0.011917286055417092,-0.0014344811041807522,0.018904122094973615
0.712282657623291,0.22236881767961705,0.16875762326047006,-0.33315603206983047,0.011388837756190501,-0.0036155764653879457,0.021398144940455367
0.716458797454834,0.27311202882858726,0.16154061625486274,-0.36116220083925515,0.010236184525260882,-0.004398563930510707,0.02109024010704547
0.7197165489196777,0.15030116984416012,0.12109558455521524,-0.3046548336737312,0.007752781966028461,-0.003938100483964213,0.021584774806175506
0.7225985527038574,0.15030116984416012,0.12109558455521524,-0.3046548336737312,0.007752781966028461,-0.003938100483964213,0.021584774806175506
0.7260315418243408,0.15030116984416012,0.12109558455521524,-0.3046548336737312,0.007752781966028461,-0.003938100483964213,0.021584774806175506
0.7293462753295898,0.1944035313580986,0.2941116410712039,-0.26271634623749235,0.013281515778691967,-0.001269306213498981,0.02111782378253265
0.7332015037536621,0.23855154706862108,0.2586849390982434,-0.2792099382634982,0.014423792493646122,-0.0038706034687914347,0.021121807061083624
0.7381069660186768,0.26208856678680903,0.1788849068196415,-0.2777604010296652,0.01328952151593404,0.0010565530189177745,0.020782820072202886
0.7429752349853516,0.3189814703097636,0.21880284222427257,-0.3919083911906988,0.013577599563513454,-0.0031882396271432677,0.022445870153600726
0.7468280792236328,0.26419153623552416,0.22178854434660708,-0.2513476749955456,0.012173876714593305,-0.005471386273707479,0.020065767284374356
0.7501275539398193,0.0632212883044854,0.1430127759135581,-0.28297759213884416,0.012331962582692438,-0.0026863170338783625,0.02071030712856477
0.7540538311004639,0.199248382944403,0.2068796605171244,-0.18694595195083671,0.011546254977963449,-0.0015222982921506128,0.02036317174314535
0.7572205066680908,0.1769518719523914,0.17120790889197945,-0.2486660636144874,0.008596780571918757,-0.0038074309710266607,0.02081517736479419
0.7607200145721436,0.3189535833254964,0.2519134123110318,-0.24662034569966748,0.010427153645290128,-0.0036936284723761235,0.019119511244624247
0.7638306617736816,0.25153433734805214,0.2097161402613406,-0.17131859346144793,0.009709936142331947,-0.00478784968062111,0.020014059483342506
0.7675755023956299,0.28640516241248865,0.29058097827980234,-0.23965802113856058,0.013560218442824408,-0.008513721950786512,0.02018828798312809
0.7723042964935303,0.30983940810474797,0.32290605932042016,-0.1740868854916563,0.012824170727609498,-0.005600798464229573,0.02177445215433755
0.7758867740631104,0.07472251598297949,0.2988935341496788,-0.21405437500129829,0.013518858572210137,-0.002038135816064042,0.02017659211818552
0.7794349193572998,0.17546093283236056,0.19661494725304257,-0.19339569172648352,0.007921392493677513,-0.005283198586502838,0.021357307770469475
0.782764196395874,0.17546093283236056,0.19661494725304257,-0.19339569172648352,0.007921392493677513,-0.005283198586502838,0.021357307770469475
0.7854776382446289,0.19501477548844887,0.2445480554166366,-0.3353113505358007,0.011596536407199088,-0.003971190386452072,0.02172955254172533
0.7884962558746338,0.19501477548844887,0.2445480554166366,-0.3353113505358007,0.011596536407199088,-0.003971190386452072,0.02172955254172533
0.7920198440551758,0.11271780484882493,0.20960359896729844,-0.20607057880837198,0.012572712562868398,-0.005598280653355971,0.021195751481637493
0.7952001094818115,0.15949945683336472,0.13475759282997585,-0.1970529957371998,0.008239007699072869,-0.004278598237538124,0.021452873261894535
0.7981760501861572,0.17483946597112235,0.27723650920603754,-0.22708599945454483,0.013093377248470912,-0.0032586992827366547,0.02062844323009828
0.8034322261810303,0.10594316598516444,0.22618925218763056,-0.4629634253326456,0.010220301637869134,-0.0037422435017832115,0.021150762754893037
0.8074948787689209,0.13933060910384495,0.20484716141003997,-0.3482905022946111,0.012419624222439158,-0.006202692905128222,0.021360270789416828
0.8114762306213379,0.24567526328002864,0.04993220540717749,-0.39351738241485645,0.00696864937729225,-0.009740920956245914,0.01831823211571397
0.8152356147766113,0.17083864129960566,0.17478337660464935,-0.4005542312552422,0.012397235371597533,-0.0037865048012672535,0.020932786028009426
0.8184401988983154,0.25469922108088183,0.24345974995624414,-0.3973300029773624,0.01339598649697993,-0.0051099843952135205,0.020671066609496712
0.8214027881622314,0.21956799505514138,0.17490637556107558,-0.4395932520782682,0.009079574055539162,-0.005691161281731665,0.021348470949975294
0.8244340419769287,0.15367344949076933,0.2818278262467685,-0.4024214879321542,0.012408635081423642,-0.001474231800258765,0.01935908526320294
0.8287129402160645,0.1620857190817143,0.2509787144591745,-0.2866435678028798,0.011716679262330887,0.0008026740762721125,0.01876773194038631
0.8320257663726807,0.2756015070646478,0.16481249151697588,-0.44677477738036725,0.010842269397351063,-0.0025646474812867125,0.021120582875643907
0.8354005813598633,0.29401280267935415,0.1671094342586024,-0.4679942352742914,0.00908475229317807,-0.0057871904880530236,0.019609073536302184
0.8391454219818115,0.27441205538318286,0.20167609645351287,-0.3102836871526028,0.011728257152198841,-0.002575374471330805,0.0203469913863667
0.8431286811828613,0.33802061531827604,0.22616777162667384,-0.30178507094404805,0.01237614965372647,-0.002672607574713887,0.021237998519850566
0.8474869728088379,0.22169238048338383,0.318124793663742,-0.3780169458314917,0.012880223972749905,-0.0023305733763225693,0.02068091847033474
0.8530478477478027,0.33680091434491666,0.30965496949513327,-0.3403691572161859,0.012264510784134822,-0.0048670384233826525,0.021273940463164505
0.8570170402526855,0.18222198783553906,0.2223785622909134,-0.3974890737761347,0.00751648138134491,-0.0010795277006015094,0.02183293984239799
0.8610937595367432,0.22405469889732416,0.29843721608628476,-0.3359691587285309,0.009829681025117006,-0.0020584206983640455,0.021628538255674158
0.8642158508300781,0.19336301765055713,0.2557305511683923,-0.45207938722578034,0.012336185813325917,-0.00237484659650169,0.019648080483577256
0.8670973777770996,0.15143891522760733,0.15775148667584205,-0.3419171786018217,0.009122916391892716,-0.004504755626951822,0.020837959342522087
0.8715517520904541,0.13020817456007178,0.20659820655457548,-0.4327970889591276,0.010810716234560418,5.5156009135994694e-05,0.021142104742753097
0.8765196800231934,0.24444695981139072,0.20872787687993194,-0.428725397046516,0.013764508551991848,-0.007914030478574297,0.021684104880050077
0.8798427581787109,0.22954545180490504,0.1476079356161843,-0.29695831943305717,0.011325469128898756,-0.0025108129743456635,0.022478471109112698
0.8832252025604248,0.16165379636023997,0.23953572987437796,-0.3919654279417039,0.013531617954653906,-0.005678690953712116,0.023163632894822008
0.8871707916259766,0.14854899999284318,0.16349074837773098,-0.32097814911185607,0.007306000573479144,-0.006713386584978,0.02214613742115407
0.8905611038208008,0.08101257514196315,0.25009948810569155,-0.26706333436073326,0.01238184702027457,-0.004624311576445506,0.02203213945505282
0.8942723274230957,0.1983006031174399,0.20332944865845085,-0.2718614273883596,0.011708007687755987,-0.0067121878536435895,0.020811587675870987
0.8976113796234131,0.23034880025248208,0.13513604633588733,-0.2338952040910228,0.009822489649891752,-0.005387570819021536,0.022402216865151297
0.9025051593780518,0.09812232351070696,0.20317326321281823,-0.2062217086477013,0.010820624335607551,-0.0018048133129235895,0.021601431207204373
0.9067306518554688,0.18199200472309118,0.283902768777784,-0.286897734225975,0.01356431604070257,-0.006536526596781127,0.02284434622610565
0.9100146293640137,0.16242483999369722,0.11720291151176818,-0.1801502651669034,0.007459416634672544,-0.005311646960775738,0.021085398948443985
0.913750410079956,0.20937412083366044,0.21904853377508898,-0.27409350335544963,0.011512669279955647,-0.004701006609377871,0.021131558454763465
0.9171197414398193,0.16215746048853907,0.12256702323014688,-0.22123119521639922,0.0087999134652933,-0.003244448438534708,0.020872771455531194
0.9201269149780273,0.12927407559853737,0.21465131551980757,-0.22647762491351628,0.010241834326615185,-0.003292321208758349,0.02110241932635257
0.9241878986358643,0.1639277278080867,0.16712520650209217,-0.19955971048428547,0.011239226741129028,-0.0037323362043480057,0.020797116660705897
0.9281632900238037,0.1639277278080867,0.16712520650209217,-0.19955971048428547,0.011239226741129028,-0.0037323362043480057,0.020797116660705897
0.9328048229217529,0.09187517155777108,0.24470087228437434,-0.3064820172430017,0.012053750608814041,0.0008270000131440549,0.021244667046507966
0.9363155364990234,0.2317696765893832,0.18251094728122663,-0.4925760982412887,0.01169037691730624,-0.004602261606381237,0.020122074626834394
0.9402585029602051,0.12817849105407508,0.2046464625627741,-0.4468698683989749,0.010704434528327696,-0.00042023615862568295,0.021475097648377864
0.9433107376098633,0.14733017902195897,0.17617639907111907,-0.4827186249134245,0.010506576200186413,-0.0030098960840543457,0.019034574803609698
0.9466490745544434,0.21892109132503407,0.1840183383015359,-0.49737456909280275,0.011242016815633745,-0.004615201756955942,0.021905875806660872
0.9500439167022705,0.21892109132503407,0.1840183383015359,-0.49737456909280275,0.011242016815633745,-0.004615201756955942,0.021905875806660872
0.9538140296936035,0.35686112411227894,0.12698203444675454,-0.49566677778458823,0.010977818820301972,-0.006123030060901651,0.021335120262167752
0.9573397636413574,0.2593839252458953,0.1700469254227011,-0.4252518852064039,0.010276055844552167,-0.003914696766651637,0.021071386441788006
0.9608933925628662,0.19066839481992015,0.18239538378004744,-0.2677788116845322,0.009826716205692143,-0.004129533918199213,0.020894643281428406
0.965313196182251,0.17460937848565405,0.19970077321546117,-0.5761657098355317,0.010005932780777327,-0.002655428299690293,0.02056048111930636
0.9695990085601807,0.18407702708999424,0.1773455139585066,-0.3239673194181927,0.010885909804844822,-0.002140353223818495,0.02019900335731229
0.973106861114502,0.1791274607131344,0.16200515585707007,-0.4778592977464978,0.010468256100050019,-0.002733813593278415,0.021033149778873706
0.9760828018188477,0.11360063393884906,0.2681760509204485,-0.36647409096262684,0.013127671245886926,-0.0036051685027090954,0.021911522426921556
0.9796266555786133,0.3071762989685033,0.01869135326202115,-0.5321220289628906,0.025779766255578363,0.017095210514352355,-0.008279613200535808
0.9831948280334473,0.3071762989685033,0.01869135326202115,-0.5321220289628906,0.025779766255578363,0.017095210514352355,-0.008279613200535808
0.9863758087158203,0.7105939174310472,-0.23982726320201614,-0.16736971023494962,0.0806279134461591,0.06445319836724067,-0.04694136005839461
0.9911129474639893,2.1434682761388686,-2.1977698629120814,0.5976041532688621,0.30416901566310034,0.25836530769472843,-0.2062135732996931
0.9962947368621826,3.5084262778629096,-2.552038618018666,1.4217147973443198,0.3329712848074127,0.45481765013544456,-0.3038769228342042
0.9993369579315186,6.572759516653664,-1.9765190484689514,3.0105757721577904,0.44445703770794326,0.7590617510203915,-0.4185080074072357
1.0024006366729736,6.572759516653664,-1.9765190484689514,3.0105757721577904,0.44445703770794326,0.7590617510203915,-0.4185080074072357
1.0057964324951172,8.20648971938573,-3.3073489770744895,4.258930846010593,0.616234810035273,0.9337843755285253,-0.48633647506117855
1.0096993446350098,8.387674756689002,-3.6838188541458745,4.224345719729122,0.6765706815726649,1.0032645377487972,-0.5296145115160233
1.0127770900726318,8.544682368651108,-3.87163313728476,4.329704868831869,0.6877466127858389,1.0067299832111485,-0.5417352733851358
1.016033411026001,9.832523151789715,-4.449827711989926,4.514307337701332,0.7083517622026618,1.0554860797567054,-0.5188379778524035
1.0189392566680908,10.233012549851416,-4.28758524023533,4.336738265309543,0.6999166383650238,1.064110217370497,-0.45410578512536304
1.021871566772461,9.882593424179312,-3.9687055568389074,4.033819361834169,0.6654203397443589,1.0059255438096057,-0.40068174198418516
1.0260038375854492,7.936860716950805,-2.2522395704851412,2.5033560553943195,0.5252134886873236,0.8045438444640183,-0.2659830209432791
1.0305631160736084,6.437167673177372,-2.6242178064610675,2.6403633447223704,0.48255967136635547,0.6556803590763937,-0.15382134416996485
1.0354523658752441,6.270137806160174,-2.650089921439517,2.5079707785035463,0.4779845110964773,0.6043503490955294,-0.06755505757452837
1.0404112339019775,3.9546206334910634,-1.932925186420946,1.9581685119184455,0.44236798504666264,0.4176100391955172,-0.04082419339393541
1.0438947677612305,3.9546206334910634,-1.932925186420946,1.9581685119184455,0.44236798504666264,0.4176100391955172,-0.04082419339393541
1.0479679107666016,2.4212146039596503,-1.197481083595453,1.866771958526563,0.43743005119264455,0.3837345483438913,-0.19323580492809472
1.0513710975646973,2.4212146039596503,-1.197481083595453,1.866771958526563,0.43743005119264455,0.3837345483438913,-0.19323580492809472
1.0550611019134521,1.8384183552537272,-0.4088694276407495,1.5491701628913332,0.37194134452935107,0.4326825146667339,-0.2674920906238286
1.0595645904541016,1.861275109579497,-0.370046683682822,0.7189729478974746,0.31998859539258523,0.41456291462320694,-0.23411603103639023
1.0629069805145264,1.8601364870335044,-0.585945454320448,0.16841896046833793,0.2748930535971629,0.4285680045723557,-0.21078168660777438
1.068990707397461,1.6649601594437897,-0.8878884432389593,0.16155417827664179,0.286661887738158,0.4011330038103676,-0.18554029792147353
1.075507640838623,1.752291991717345,-0.9343273166275092,-0.32008879806983476,0.24174165013712218,0.3496569770853364,-0.13123495979130695
1.0788729190826416,1.4085158845528092,-1.6771476054403553,-0.49235117518326693,0.22218823085701006,0.26695242046376894,-0.07283900598661566
1.0832858085632324,1.0773210439704217,-1.8743023892482755,-0.7758776380574273,0.19084673072202923,0.1703316138065847,-0.012082390254653144
1.087486743927002,0.654251253689567,-1.7834157297616209,-1.070275915915372,0.16120437021600043,0.12434048278195212,-0.016376560731030648
1.093965768814087,1.4967994810366065,-1.3621027036704887,-0.8365970602149146,0.13050021557548036,0.1577341530156418,-0.018034756027249715
1.09843111038208,0.936705755320476,-0.6170809213009801,-0.9441885929772467,0.1133067713591077,0.16110500727887384,-0.02041752478216153
1.1025240421295166,0.8003622399074259,-0.4768375658937739,-0.2977095364248808,0.09732668275237581,0.16280493170106908,-0.02690506057491453
1.1063175201416016,0.745635386448289,-0.30783088299339667,-0.03252838318623452,0.1003037676346437,0.15817001203950176,-0.027304942616464524
1.109050989151001,0.1315556368594477,0.5506893316143234,-0.6282469532651256,0.04579063243462973,0.15141867176432316,-0.03516049566215754
1.1125314235687256,-0.29867675749151124,1.5174960089631573,0.28246065978102747,0.03757825410218865,0.1313411838813867,-0.01859465558508242
1.1160309314727783,-0.10968283787390976,1.554672655398908,-0.10544425806163932,0.018654778670310956,0.10514982721982964,-0.0260803464529549
1.1205852031707764,0.337599445448096,0.30091343218991357,0.5351348277225553,0.07701886928131749,0.15108672664791772,-0.046876935544632535
1.1267421245574951,0.5930580989988992,0.3396097638721595,0.5636121921498891,0.06978441401431988,0.15417019953524408,-0.03506356954060516
1.1305670738220215,1.2459496734222684,0.4741127604029053,0.3315014751372679,0.062037811461242834,0.1747829727360257,-0.03225053949531242
1.1338930130004883,2.111421264396162,-0.25649557665255424,0.5344729798945306,0.07755092268365071,0.2050024533982581,-0.028703699563261572
1.1373426914215088,2.4764973659755363,-0.948143525413953,0.616781249650142,0.11011756616789715,0.22707243915538103,-0.037575347012726544
1.1403331756591797,3.0396540764225586,-1.2863488040626356,0.43695280074704973,0.11479643847234994,0.24963838632631213,-0.041589369733045806
1.1438028812408447,3.1657306926112403,-1.6385083827801477,0.1643146485809962,0.12520476480570697,0.2633933221559609,-0.04133125971090554
1.1472718715667725,3.09210150053097,-1.8807430326366357,0.5335535068944793,0.13574628495242114,0.27061317436171595,-0.03659122027061207
1.1506438255310059,3.9530092964794123,-1.6866039318994541,-0.04918694532531076,0.1289719377747334,0.31770700253510153,-0.04440009698715539
1.153913974761963,3.0659529070679907,-2.043440922548519,0.496024783805731,0.1503842001337007,0.26152628041320025,-0.034497741123112054
1.1595776081085205,2.86582360857354,-1.5407732966808758,-0.27222313422586747,0.14371815620241868,0.2796613588649777,-0.05018926583906852
1.1641089916229248,2.6828637323710156,-1.6336223922889017,0.001715327378882081,0.1440354256494842,0.2626524676822727,-0.04542732915939317
1.1672909259796143,2.644819943782362,-1.4998458247155417,0.43824586818725536,0.1404682852926729,0.26788336688616654,-0.03258857891218233
1.1708693504333496,2.282576658245305,-1.0866482507299782,0.20716175498533396,0.13097191443614786,0.25537293651833853,-0.044884169278745445
1.1738836765289307,1.786510871118865,-0.8828420022286929,0.09926008000093794,0.11735648550176224,0.22785388573898022,-0.037610573635800726
1.1769435405731201,1.4369248438924584,-0.455530812618107,-0.3136654297682929,0.11159754388430143,0.21961839727276053,-0.03833274658275338
1.1803650856018066,1.2319867811028273,-0.42532036495543224,-0.23836936676219184,0.11253403057152692,0.21537687674302836,-0.03959683756139397
1.1842756271362305,0.9013270270782792,-0.613799556687247,-0.002720270306746417,0.11855618354251506,0.202850141376341,-0.03512502153558652
1.1883838176727295,0.8232156168953142,-0.009027644315848469,0.3051502574912809,0.09689878524802728,0.21391452411661072,-0.0596426252427473
1.1924035549163818,1.4567037824769127,-0.3909221117567717,0.44757922257280935,0.11871945719187381,0.22304619959686692,-0.03548385778919304
1.195605754852295,1.3542830538802255,-0.03596912915184064,-0.0742128553584672,0.09827761852096296,0.22852754432966793,-0.0388533014024328
1.199319839477539,0.9347636394605191,-0.10737608298477672,-0.20018295648920287,0.11186321967605738,0.22170945683896734,-0.05148168894693283
1.2031190395355225,2.3719238521542882,-0.8628119041452079,-0.5264595197108042,0.1130098897058649,0.2683432201987973,-0.04902312377970773
1.2063472270965576,2.561371910439429,-1.5861718094900805,-0.054610689723163186,0.1428993663176126,0.2850126913531391,-0.05100457889955097
1.209479570388794,2.566823263364014,-1.6837134839529617,0.2536231178164824,0.14743178157504133,0.26594825094263186,-0.046502816311191665
1.2129931449890137,2.4378991032272026,-1.3106613185789835,-0.06458823355183096,0.13642082944799083,0.2553460396266365,-0.02541494856917787
1.2162299156188965,2.0452885151323703,-1.0840965863845007,-0.35009931864447014,0.12460285264878737,0.25177718878450517,-0.03806411198664719
1.2193899154663086,1.9346757976102462,-1.5551699638825567,-0.20189692290468442,0.13548004069178127,0.26563570290950383,-0.040989652739650294
1.2251222133636475,2.9389511896164975,-1.7941639163500316,-0.025509812069548554,0.14254599457551193,0.32256318546652146,-0.04940318348287787
1.2291936874389648,3.610241217014722,-2.030016325550238,-0.06682175074922664,0.16336440731572854,0.3614038686480538,-0.06260223827905861
1.2322523593902588,2.7108858380365417,-1.479172850203749,0.5310320716074006,0.135274757159563,0.2858953697882633,-0.03484900164459259
1.2358779907226562,1.752079652017105,-0.6659868850454324,-0.23646527237184156,0.12481213381624677,0.27547683964307684,-0.06461776271002817
1.2395484447479248,1.752079652017105,-0.6659868850454324,-0.23646527237184156,0.12481213381624677,0.27547683964307684,-0.06461776271002817
1.2427213191986084,2.353613965147256,-0.8881157868878181,0.3554387105225111,0.12842595071550653,0.2654472920224461,-0.042040170766097375
1.2462904453277588,2.353613965147256,-0.8881157868878181,0.3554387105225111,0.12842595071550653,0.2654472920224461,-0.042040170766097375
1.2510089874267578,1.7510171783586201,0.16300976987356905,0.15021192928372368,0.10423475078423847,0.23592023727296174,-0.04304468877453356
1.2546703815460205,1.7200903751461885,-0.09045032985552628,0.2484968052384937,0.10052082826287133,0.22879702474442198,-0.027776533843990737
1.259324550628662,1.8858306322454688,-0.04035377933729156,0.2078941470161946,0.10535198917024464,0.23847546188070617,-0.050118843323885144
1.2626540660858154,1.868889636981447,-0.08254784320046221,0.40548565435500106,0.09238635424886654,0.23807630324759332,-0.045212524911371926
1.2657742500305176,2.140166491066086,-0.09096654737373716,-0.07213590776600631,0.09598500805632752,0.24637089531648015,-0.03768545164456698
1.2690682411193848,1.6761653508767427,-0.11411898351781052,0.2606220528719317,0.10587792276479467,0.19217021872100634,-0.02835926085853198
1.2730090618133545,1.2947385659116577,-0.12321736986924584,-0.10726884074994783,0.08996612643286621,0.13148186783762836,-0.022439659261495916
1.2762596607208252,-0.08196144061303623,0.2547099520339612,-0.42861502571635973,0.07637747169193572,0.08037936751399496,-0.025602611562250646
1.2807371616363525,0.08520977970791561,0.13936549435550377,-0.1915938953740725,0.06147736899899429,0.061847420462461764,-0.0048236082594882
1.285965919494629,0.31676224257283925,-0.3735484764737187,-0.3147701186905568,0.08944288746761543,0.05600303599066717,-0.013812505369173061
1.2888553142547607,-0.1949296297461606,-0.6174798519250633,-0.42744098220197574,0.09318570040863614,0.042610790868527246,-0.015661666446175015
1.2931427955627441,-0.6066023808661622,-0.3298782562006473,-0.9156463965313374,0.10078339290468652,0.035501637751529834,-0.020246586070384476
1.2974646091461182,-0.9476561515282593,-0.6145887949215341,-0.960428779754507,0.090710291668048,0.01646959506177103,-0.017976008237045184
1.3004913330078125,-0.5198006286075011,-1.0965341929422987,-0.329085414259937,0.11136301255874412,0.011320087005578273,-0.017919432826428827
1.3039655685424805,-0.8465605943764216,-0.8883631533232794,-0.3320098933103032,0.10444937022634293,0.0028386645897322954,-0.022225182994126867
1.3071045875549316,-1.281966665285748,-0.6390245718798375,-0.6777936602649623,0.09822801553905437,-0.017481544277548475,-0.023053230550231993
1.310070514678955,-1.171180801899769,-0.8613873799687932,-0.5332141240411521,0.10032750155497756,-0.04182418924767223,-0.012691955085555717
1.3150193691253662,-1.238507593501908,-0.7390348625418584,-0.5004498029788117,0.10517600931011806,-0.04263802394463219,-0.01945927404666504
1.319544792175293,-0.3685293669735915,-0.015107278260931362,-0.5340442484801265,0.07837576825052926,0.018468205560671705,-0.02862950582385209
1.3248093128204346,-0.3685293669735915,-0.015107278260931362,-0.5340442484801265,0.07837576825052926,0.018468205560671705,-0.02862950582385209
1.3285739421844482,-0.2020563169137353,0.15273012062097813,-0.1737958565514917,0.07234554237361163,0.02003862056972252,-0.026735593039934044
1.3314619064331055,-0.18402110685573064,-0.24305313024867026,0.22872207173782733,0.07406637826140416,0.0328382937151759,-0.015292894050371932
1.3345847129821777,0.0050630314741346855,-0.2348621029533876,0.37989946232614097,0.08398367557035721,0.03367781523690332,-0.02896693813354414
1.3398549556732178,0.15962800823103818,-0.1631616236462479,0.4588639122820741,0.0849792346548559,0.04425939066890702,-0.011908586017942422
1.343174934387207,0.49817163863155167,0.07162977235072154,0.13201385863716436,0.07757322921005759,0.04683318283431374,-0.010019291071959287
1.347177267074585,0.37785334037779084,0.49242897695388915,-0.2575537467095772,0.0583997927094244,0.04517872930412854,-0.015383231459867764
1.3523321151733398,0.511632921508861,0.2730393528913241,-0.13530530842207356,0.06515654325906316,0.04358391802119245,-0.016625890557654198
1.3571209907531738,0.9290522119825624,-0.018562308399674474,0.2710248048735483,0.07240500607706267,0.05125334631869671,-0.018575659416830675
1.36061429977417,0.9290522119825624,-0.018562308399674474,0.2710248048735483,0.07240500607706267,0.05125334631869671,-0.018575659416830675
1.3634774684906006,0.46467121925638677,-0.10735511117984409,-0.35405224719952705,0.08005021951092159,0.05799836757787722,-0.023222047005783113
1.3665425777435303,0.16092646100438462,-0.3157314809524845,-0.10264632177767143,0.07788046744002147,0.04066574456407523,-0.024476071148669048
1.3701941967010498,0.37953399454971737,-0.35089164624660535,-0.199624419290657,0.08323055125096729,0.04376862911187301,-0.008704918428167403
1.373643398284912,0.28695370125030817,-0.8230335097694645,-0.24199426598594667,0.08493180894573245,0.04875317045383294,-0.04090440718582861
1.3770580291748047,0.6975172917911537,-0.649001774613414,-0.3485281946538401,0.08840810888918997,0.04578085606739309,-0.013321090379895836
1.3834187984466553,-0.38603946038025233,-0.42047693177774376,-0.7800036019437863,0.09216164998145338,0.009791773831858867,-0.015903962394637074
1.3866994380950928,-0.6348726670152784,-0.6218278662034893,-0.6697955011700285,0.0907001754885395,-0.005303372872220765,-0.014567302749331469
1.390075922012329,-0.5687671368330234,-0.7785211603502803,-0.13632994496023076,0.09778291289141793,0.0038250931291611417,-0.01084668696311108
1.3933312892913818,-0.5941412704729003,-0.5431292513282828,-0.39752048002298196,0.10026923659988349,0.009973224218049446,-0.012989052525132489
1.3965909481048584,-0.5941412704729003,-0.5431292513282828,-0.39752048002298196,0.10026923659988349,0.009973224218049446,-0.012989052525132489
1.399883508682251,-0.5880808922699972,-0.34316659021781065,-0.3214792433586562,0.09081819409219716,0.0082126860005967,-0.025485468538616225
1.403245210647583,-0.5114073340194165,-0.4760800552247542,-0.19455467526944709,0.08770197816743544,0.0018922495471353253,-0.013834867933625568
1.4071910381317139,-0.4869321269635475,-0.37310897955288885,0.07676288207102303,0.09076492373099329,0.007915096855204293,-0.01364567796227812
1.4115290641784668,-0.17029672010473398,-0.40310723665367487,-0.37262737169066995,0.09262897954377595,0.022006899235457716,-0.0203317876595998
1.4158918857574463,-0.16442580540174095,-0.10822153382662056,-0.628623498414129,0.08828346191147873,0.011020567959359894,-0.010753011492254438
1.419142246246338,-0.5481300140942349,-0.10892098854697539,-0.17519790759333753,0.08147158348510786,0.006257198546325768,-0.006935965938809309
1.4224050045013428,-0.5481300140942349,-0.10892098854697539,-0.17519790759333753,0.08147158348510786,0.006257198546325768,-0.006935965938809309
1.4259788990020752,-0.3787071112168965,0.09710249781562484,-0.29299995083220337,0.07865544385866902,-0.001960514952458206,-0.022826089675203623
1.4290246963500977,-0.10410716903520245,-0.06916565772205636,0.06700251776857949,0.08524842219877427,0.027050920055541605,-0.015684314915002155
1.43170166015625,-0.10410716903520245,-0.06916565772205636,0.06700251776857949,0.08524842219877427,0.027050920055541605,-0.015684314915002155
1.4349844455718994,0.10151310217242122,-0.3519936337924552,-0.0017532626724085995,0.08638846072419076,0.03304052214025893,-0.012407419045679883
1.438180685043335,0.2516196612693118,-0.08719597507357887,-0.05655617206807173,0.08056354040978123,0.03720894499104724,-0.017982150783233557
1.4412271976470947,0.15738368682978174,-0.13023495423227865,0.11478885339260982,0.08540276742855457,0.030066527498655134,-0.026873822303126266
1.4442918300628662,0.4019209871881575,-0.2263260346884303,-0.03454743914863655,0.0806125817326918,0.05136366248399879,-0.01578084767651609
1.4473974704742432,0.5399803278469031,-0.3222060636194629,0.09783316386895984,0.08974037809540375,0.048161269524794145,-0.0256354926625799
1.4503588676452637,0.19242085696157754,-0.42378314256130156,-0.11734297421012356,0.09766837778152104,0.03933646787417687,-0.012361181539638767
1.4532358646392822,0.19242085696157754,-0.42378314256130156,-0.11734297421012356,0.09766837778152104,0.03933646787417687,-0.012361181539638767
1.4569079875946045,0.3948387913197966,-0.42161671329052536,-0.44092946325938337,0.09028461076564324,0.03517369578569554,-0.01817809483356836
1.4626073837280273,0.08469800899926139,-0.3141721057658503,-0.2595456156458482,0.0936419038170748,0.028004807874596048,-0.015149003683738999
1.4659910202026367,0.40915217832780315,-0.10841918388813102,-0.3498574036139976,0.08869025093443693,0.0238215623552464,-0.008914291748811793
1.4693751335144043,-0.02925656994550536,-0.23407014082973984,-0.22644158176496848,0.08800874509001966,0.033038250896535115,-0.01695172883867
1.472693920135498,0.2216040531356685,-0.5416351793938754,-0.18357498757032775,0.09160456201846814,0.03420043649668018,-0.012275197494481716
1.4759604930877686,0.2550658701054367,-0.21724421122409507,-0.3928654820349114,0.08929476138283476,0.03641214761286819,-0.017951782427124596
1.4798312187194824,0.12446306930792637,-0.1869528843169146,-0.4626946765866093,0.08444008121871587,0.03509846116138818,-0.015257037232771027
1.4850249290466309,0.13806993158832617,-0.6214066049397555,-0.14203780342131492,0.08900258384736326,0.028558599614766533,-0.017830854401270635
1.4889121055603027,0.16112124660235488,-0.30034621573025627,-0.4924888435358387,0.09500707955675032,0.023556293652888763,-0.012035662914777976
1.4924304485321045,-0.5627511897299862,-0.10018784666796793,-0.3826701833111061,0.0872616257931281,-0.004578692822517175,-0.009400987247893214
1.4954607486724854,-0.30330714851774254,-0.4020175862419055,-0.16557570104367186,0.09535688816395715,0.018717109411403983,-0.009599891011534117
1.4983985424041748,0.005293173204487929,-0.5797012295611698,-0.4778405608882491,0.10633419903058144,0.03503367716951109,-0.006452014883712758
1.5018644332885742,-0.16582662664531475,-0.29008089506937984,-0.5786009083519382,0.0947801764106399,0.027671402883806095,-0.032469079909157206
1.5059382915496826,-0.35242868544725414,-0.4720624770875776,-0.17695904234185553,0.09500437812035711,0.012585425235758632,-0.015747854513531067
1.50880765914917,0.08305232669723267,-0.4105593761832205,-0.35242217387427727,0.08719679254302704,0.02377186138986003,-0.013609032413662863
1.5124804973602295,0.010758265465143385,-0.6172072940026752,-0.09248987497246602,0.09858171130871857,0.022525012245960735,-0.02533020458790787
1.5154764652252197,0.010758265465143385,-0.6172072940026752,-0.09248987497246602,0.09858171130871857,0.022525012245960735,-0.02533020458790787
1.5187315940856934,-0.17244297699429156,-0.8402033893248626,0.1511656949055964,0.11017932440163715,0.0179989816565379,-0.009653642876595963
1.521923303604126,-0.24759037850500232,-0.6226319825696808,-0.4388803086738229,0.10293057482498133,0.017577627137687686,-0.011893781397177857
1.5266177654266357,-0.1358045358289279,-0.5746680029960061,-0.5617034887320596,0.09859648140780986,0.01260352425744064,-0.023429976542383192
1.5304162502288818,-0.31469899605191004,-0.6559342224557905,-0.6334636028884988,0.10908530044967574,0.006571222253859862,-0.0028733916128918027
1.5347561836242676,-0.3977597467692738,-0.47436504160425286,-0.5650181335596621,0.09963949575946679,0.002067591401880401,-0.01066743017084122
1.538451910018921,-0.443221210497303,-0.10706510553835336,-0.7334197460663754,0.09119814068633073,0.001883514105011981,-0.011794194828331
1.5414795875549316,-0.26321283567168824,-0.29221173473858797,-0.31875411526075836,0.0939463311202508,-0.005475168132067054,-0.008213482389069278
1.5448472499847412,-0.4269991396484101,-0.11438463223608325,0.11840678875343007,0.0985410163048145,0.003203709233797654,-0.014054810834316691
1.54884672164917,0.10901097689243466,-0.32374933457666444,-0.12120420677496861,0.08944100241599466,0.031588691047159084,-0.014614331092264862
1.553650140762329,0.16408435271844116,-0.12556296328098052,-0.32339358882026736,0.09166570022449863,0.04873770165119389,-0.010379910927409457
1.5571041107177734,0.42243086713564104,-0.19222193612953292,-0.10238303301065789,0.0864574806392942,0.0388310823558819,-0.019148984790885337
1.5613808631896973,0.5824218334039886,-0.5494905110478892,-0.3652146257214079,0.09180189319335047,0.03646014655770362,-0.013844144674009623
1.5645272731781006,0.40059488884957706,-0.1723232086832436,-0.43683174352986914,0.0968064761500869,0.01631180389166375,-0.005020860461136038
1.5689198970794678,0.1357680302780802,-0.19769196060406097,-0.25023185798209874,0.08272309539545018,0.013113319033969374,-0.012362970771429994
1.5732951164245605,0.06525090317105148,0.04723313981317649,-0.2614496987981557,0.09102863874365663,0.011637643175445734,-0.01411847306440612
1.5765604972839355,0.7056947636117888,-0.7713910838544658,-0.2639708419684599,0.10286161832370277,0.05561803789011769,-0.0030759854404375613
1.5803725719451904,0.42695339764245815,-0.4810707350679023,-0.41464937187648737,0.0952076787554671,0.05053543205987037,-0.010404324663427136
1.5844287872314453,0.33317266652668864,-0.5496555720375846,-0.47896632716492166,0.09874000685251356,0.025793099424384038,-0.0200607502782165
1.588196039199829,-0.1682957335287349,-0.9086559710833539,-0.15949127843923294,0.11114877816010069,0.010513940468101612,-0.015221566749945348
1.593630075454712,-0.13945527212073083,-0.9206978949649667,-0.13864986649734468,0.1065923865777687,0.011271555668376825,-0.011461313492637728
1.5970418453216553,-0.1530146180709781,-0.6444693882528866,-0.4765874052207288,0.1026852217033126,0.01247323124362774,-0.023001238886466532
1.6007583141326904,-0.2775803775456226,-0.4940330492259617,-0.5991712055400937,0.10543976714845107,0.0002871953661970003,-0.017429863336660176
1.6043837070465088,-0.42118971673041244,-0.31168827552242995,-0.7337884091767388,0.09732866308171684,0.002449489293946755,-0.005590239615393398
1.610016107559204,-0.3553973334297895,-0.3797807420290603,-0.9821300024407967,0.09875511254123442,-0.010306951906309062,-0.003629720170335273
1.6145660877227783,-0.6791757798098439,-0.4973566482012809,-0.27615757200579105,0.10348910995938446,-0.009007130921928948,-0.015089582893903004
1.618044137954712,0.20771328491305863,-0.3949127861602264,-0.43861940285714635,0.0966624082224929,0.03267123826747012,-0.02592685411376092
1.6213264465332031,-0.18133238763578435,-0.4593635823071498,-0.056232800734273836,0.10396944584171877,0.00901505922930352,-0.020970379612125133
1.6252589225769043,0.11920183815814626,-0.5494837665945304,-0.08782086652018792,0.10578555460430265,0.02420327363912504,-0.0033534443258032808
1.6284408569335938,0.3413927845333529,-0.6307387618187279,-0.3381924343300451,0.10492769921955131,0.033019102264719095,-0.006597900737635512
1.631587028503418,0.43479165908242556,-0.5441193475308772,-0.20164266893341198,0.10994538089784368,0.02176655692495736,-0.012116816044938847
1.6358528137207031,0.43479165908242556,-0.5441193475308772,-0.20164266893341198,0.10994538089784368,0.02176655692495736,-0.012116816044938847
1.6409955024719238,0.16343705149237864,1.313679753257288,-1.3180282263755914,0.0767051652063048,0.0451865841684079,-0.1906276519511729
1.6454203128814697,1.0525355728022414,-0.7631541249787724,-1.051933223852071,0.10807758968211706,0.051989439809685206,-0.1332171119997288
1.6492884159088135,1.2416253601518017,-0.14574144746048734,-1.2422713807587153,0.1055205195576272,0.0596993161224004,-0.12300005955958551
1.6560368537902832,0.5003714758214004,-0.6560753275388145,-0.19922387754754073,0.0879281543360623,0.011875073081518353,-0.007498511730727986
1.661994218826294,0.6389820175307268,-0.9393221644456469,-0.04681188143537076,0.100948535732599,0.034422006211138584,-0.1714532088580334
1.6655006408691406,-0.16754441227875372,0.375124439459224,-0.6984531481763963,0.0812297161110879,0.031897591505456825,-0.0735269358467454
1.6693880558013916,-0.16754441227875372,0.375124439459224,-0.6984531481763963,0.0812297161110879,0.031897591505456825,-0.0735269358467454
1.6729185581207275,-0.22643216287543322,-0.3499538551061845,-0.8244681645844354,0.0983747151479544,0.013033077019233223,-0.04798732326482633
1.67862868309021,-0.3622226092033289,-0.29893136812403753,0.0911949385024841,0.08902093869549343,0.003444029411971184,-0.031247066675862564
1.6840636730194092,-0.38280671849223796,-0.7654968901613869,0.26813690277974944,0.12390539475149606,-0.015487362046020539,-0.015555104387033867
1.6883296966552734,0.2894654852990805,-0.4821873173946278,-0.7642960863560521,0.09763806839276959,0.017776574548114307,-0.022977444148126323
1.6918039321899414,0.31601652363703553,-0.5526445726136535,-0.3138134608424625,0.11157026072203355,0.028961471047214152,-0.015469218691891856
1.6949117183685303,0.14912010465486794,-0.4087834259702008,-0.5407562696581059,0.10662385030994437,0.02740959431215869,-0.008126289157119382
1.698002815246582,-0.4970804979488447,-0.5046215762109459,-0.7311288271689045,0.10913056871836296,-0.0007762672175132615,-0.002424214229842663
1.702497959136963,-0.3332303501158367,-0.47131378144402103,-0.4510268111575462,0.11666545025435243,0.003823874994535256,0.06782519210172351
1.7065317630767822,0.4744515104893665,-0.5568253275865781,-0.06593987121484185,0.1013269418127038,0.031152503956861612,0.014493452172491778
1.7103042602539062,-0.3030139474998383,-0.21090186683968593,-0.3984451966123107,0.08515697999685179,0.0410655616053517,-0.12560809305244508
1.7155077457427979,0.25240204062702887,0.2641267568928303,-1.4457995960102445,0.09534698577000392,0.03900175397536264,-0.12855755307771116
1.7188303470611572,-0.20103094241583258,-0.06419952112185906,-0.6360059027867331,0.09002577471672715,0.011428690378628127,-0.07526125446774756
1.7222888469696045,-0.3603295821837029,-0.666446397770098,-0.08935780440437306,0.11900440670632981,-0.011121314459855182,0.012823392289008962
1.7271323204040527,-0.041848007662373884,-0.6036076964505918,0.11584416369046385,0.09968643235633678,0.009969335413137338,0.052138156594845955
1.7308073043823242,-0.015766149205329844,-0.3345792082457653,-0.3136988486856678,0.10267450428265099,0.021629057242390157,-0.07502765930089705
